id,consent,priority,phys,rus,math,indiv,total
481,False,2,73,58,64,0,195
888,True,3,81,87,89,4,262
659,True,3,59,60,66,6,192
199,False,3,86,87,95,7,277
883,True,1,74,81,74,0,230
29,True,1,77,63,81,7,230
1295,False,1,54,68,59,3,184
871,True,1,100,100,94,8,304
1194,False,1,88,78,80,10,258
317,True,1,69,82,81,4,238
22,False,2,73,76,79,4,234
1337,True,1,74,88,78,7,248
107,False,2,56,54,54,6,170
841,False,1,66,64,62,6,196
1361,False,2,100,100,99,1,303
1251,True,1,65,69,68,6,208
48,True,2,71,74,77,1,223
830,False,2,74,67,61,2,203
520,True,3,72,76,76,9,233
1362,True,2,74,86,80,10,252
849,True,1,72,69,70,9,220
874,True,3,71,77,79,7,236
229,False,2,44,50,48,8,150
1210,False,1,82,87,90,3,264
681,False,1,68,73,62,4,208
1235,True,1,72,71,73,10,228
293,True,3,56,69,65,5,195
801,False,3,66,73,74,10,225
273,True,3,86,98,96,0,283
779,True,3,73,69,64,0,206
1566,False,1,53,67,70,7,199
1287,False,2,58,57,58,0,174
1167,False,1,86,85,87,1,261
1326,True,1,94,82,98,9,284
1199,True,1,71,81,72,4,230
813,False,1,76,80,74,3,235
718,False,4,71,66,65,1,201
216,False,1,74,63,71,6,215
361,True,2,80,82,88,9,258
268,True,3,67,51,61,10,188
862,False,2,92,82,77,3,255
33,False,1,70,80,76,8,235
652,True,2,73,71,72,0,218
742,True,3,79,78,78,10,246
1329,True,1,77,62,80,2,223
1297,False,1,85,79,86,9,261
181,True,2,93,87,100,4,287
872,False,2,71,78,74,7,230
1157,True,3,86,91,88,0,267
1107,False,4,80,84,86,10,262
1188,True,1,69,82,80,5,237
1078,False,4,60,71,64,1,195
1153,False,2,73,91,84,2,250
1244,True,1,89,91,92,0,275
1270,True,1,79,84,83,3,251
1265,True,1,57,67,56,6,187
21,False,1,79,76,78,0,232
1003,False,3,95,94,90,6,289
190,False,4,84,83,87,0,255
248,False,2,70,76,80,7,233
1371,True,2,77,75,74,8,233
745,True,4,78,72,74,7,232
656,True,3,78,78,86,5,248
951,False,2,73,76,85,4,239
305,False,2,78,83,78,5,244
920,False,3,84,96,94,1,276
1100,True,3,66,70,68,10,214
237,False,1,72,84,77,8,242
167,False,1,62,54,75,8,199
800,True,1,72,83,78,2,236
1196,False,1,82,75,82,2,241
1221,True,2,87,91,80,3,261
1184,False,1,86,83,77,0,248
1121,True,1,100,92,99,10,304
735,True,1,74,70,72,0,217
327,False,1,62,62,63,2,189
1234,False,1,72,61,63,0,197
968,False,1,63,69,67,0,201
689,True,1,47,52,48,0,146
1185,False,2,98,89,100,1,289
698,False,2,66,67,64,8,204
1061,False,4,56,69,59,6,190
9,False,2,81,95,97,4,279
343,False,2,57,61,69,1,189
1567,False,1,81,80,82,8,251
334,True,1,83,85,90,1,261
1140,False,2,64,61,56,6,188
1089,True,3,72,67,83,4,228
349,False,2,55,59,53,8,176
1216,True,2,87,91,88,6,272
1378,True,2,68,63,83,6,220
836,True,3,56,55,54,8,172
1334,True,2,74,72,77,5,229
185,False,2,94,100,92,6,296
515,True,1,62,55,64,3,186
262,True,2,83,79,79,8,249
854,True,3,64,52,64,6,188
49,True,2,68,69,71,1,210
197,False,1,60,61,61,6,188
1214,False,2,65,65,67,3,199
996,True,4,56,54,62,4,176
325,True,1,80,85,79,5,251
339,True,2,89,83,84,5,262
1168,False,2,74,75,76,4,229
768,False,4,70,74,66,6,216
25,True,2,86,79,78,6,251
825,False,1,75,82,79,1,239
1164,False,1,69,65,69,8,212
287,False,3,71,86,70,0,229
853,False,4,76,76,80,2,235
1342,True,2,73,80,70,6,230
1263,False,1,74,84,72,3,234
929,True,4,76,78,80,10,246
954,True,2,74,73,64,3,217
1165,False,1,62,53,56,1,172
822,True,2,69,73,60,8,211
357,False,2,72,83,73,4,231
1340,False,3,87,82,87,7,265
1250,False,1,72,69,72,4,218
1317,False,2,59,59,66,5,189
17,True,1,66,65,62,3,199
642,False,1,71,65,73,10,219
1322,False,2,80,86,78,1,246
1273,False,2,77,76,75,10,239
288,True,2,62,74,61,7,204
1568,False,1,66,71,75,8,223
263,False,1,70,74,85,3,232
358,True,3,72,72,62,1,207
270,True,1,72,79,76,2,230
946,True,2,56,67,65,10,199
664,True,3,67,70,74,3,214
625,False,1,100,98,97,8,306
835,False,2,59,72,66,9,207
1091,True,1,60,66,72,1,200
11,True,4,66,62,59,3,191
231,True,2,80,91,85,0,257
376,False,2,83,86,88,6,265
904,True,3,83,82,79,2,247
1350,False,3,79,74,76,6,235
307,False,2,75,67,74,8,226
192,False,2,72,64,77,8,222
785,False,3,98,95,91,2,289
1226,False,1,71,78,69,3,222
1366,False,2,48,66,56,9,180
824,False,4,62,53,60,5,181
365,False,2,79,70,67,10,226
102,True,1,78,77,85,0,240
737,False,3,74,69,74,5,221
820,True,2,85,81,92,9,268
1056,True,2,85,76,83,2,247
547,True,1,66,79,78,9,234
1559,True,1,71,79,69,7,225
792,False,3,76,75,83,4,240
1353,False,2,74,80,83,8,246
855,False,3,61,75,68,7,209
1306,False,1,62,62,73,0,199
338,True,1,65,78,77,10,230
719,False,2,83,88,87,8,268
1219,True,1,72,70,66,5,212
151,False,3,61,55,60,7,184
1205,False,1,70,67,75,0,214
618,False,4,78,78,82,0,238
866,True,3,60,64,66,6,197
759,True,3,62,79,66,6,214
757,False,3,64,77,66,6,215
939,True,2,67,75,64,7,213
106,False,1,76,77,82,1,238
369,True,1,69,85,84,6,243
967,False,3,75,63,56,9,203
624,False,3,91,89,80,0,261
1296,True,2,70,79,76,6,231
1382,False,2,99,90,94,9,292
211,True,1,79,91,86,0,257
1041,False,4,77,73,83,5,238
517,False,3,57,67,57,2,184
98,True,1,73,78,72,5,228
1095,False,3,87,89,81,2,260
919,True,3,72,66,62,0,199
655,False,2,67,81,86,8,242
529,True,3,63,78,74,5,219
321,False,3,76,83,83,1,244
329,False,1,58,78,69,9,215
214,True,3,75,87,93,1,258
1237,False,1,70,73,64,7,214
955,False,4,95,88,77,8,269
1135,True,2,70,70,62,6,209
885,False,1,75,81,83,10,249
700,False,2,86,91,99,1,278
266,True,3,87,88,78,9,263
964,False,1,84,72,70,5,232
326,True,1,68,73,78,6,225
1169,True,1,73,87,77,9,247
684,True,1,68,71,69,7,219
833,False,3,79,81,71,10,242
313,True,1,64,62,51,6,183
310,False,2,71,67,68,4,213
1291,False,1,72,79,77,4,232
1271,False,1,66,63,68,5,201
1116,True,2,85,91,92,7,278
1014,True,1,92,94,95,6,288
979,True,4,79,79,74,6,241
808,True,2,67,70,68,5,211
215,False,4,82,73,74,4,235
350,True,2,76,86,72,5,241
613,True,2,75,78,79,7,242
1044,False,2,60,58,68,8,192
1354,True,2,90,91,90,1,272
787,False,3,68,71,70,2,211
119,True,2,80,86,74,4,245
1308,False,3,79,76,77,4,238
786,False,3,72,69,70,5,216
168,True,1,54,63,49,4,170
802,False,4,83,83,78,2,247
475,False,1,78,78,80,3,241
1346,False,1,65,73,72,7,219
324,False,3,87,89,88,4,271
217,False,1,62,66,77,10,215
1133,True,3,74,62,72,6,214
975,False,1,87,94,89,2,273
1183,True,1,79,88,72,9,250
195,True,3,91,98,83,5,280
1018,True,4,80,85,82,5,254
1318,True,4,85,87,89,0,262
1063,False,4,70,75,71,5,222
683,False,4,76,79,72,2,228
838,False,2,63,67,64,7,201
788,True,3,87,85,76,3,252
1097,True,3,70,69,76,8,224
92,True,1,64,70,85,10,229
1516,False,4,100,98,100,1,302
1335,True,1,68,62,65,4,199
693,True,3,81,79,74,10,243
1375,True,2,72,68,78,7,224
1478,False,1,87,95,92,9,287
161,True,4,82,83,85,6,257
1264,False,1,70,67,66,3,207
893,False,4,56,56,57,7,177
1455,True,1,84,77,80,9,249
903,False,3,92,99,88,1,283
1035,False,4,78,74,73,5,233
839,False,4,69,77,77,7,230
468,False,2,83,81,92,2,259
609,False,3,82,82,74,3,243
1054,False,4,63,57,60,9,190
1002,True,2,74,73,68,9,227
1252,False,1,62,60,56,6,185
674,False,1,60,68,62,2,193
670,False,2,63,66,74,4,209
88,True,2,68,83,72,7,232
12,True,2,65,66,65,0,197
879,True,3,65,82,76,8,231
687,False,3,65,65,64,7,201
221,False,2,63,75,79,7,227
6,True,2,60,64,66,7,198
902,True,2,91,98,95,7,292
765,False,3,73,71,75,6,227
721,False,2,71,74,79,9,233
1261,True,2,67,66,61,10,205
1546,False,4,45,59,54,9,168
1618,True,1,83,82,83,8,258
596,True,1,69,58,66,0,194
540,True,2,49,55,55,10,169
1540,False,3,92,77,84,0,256
1468,False,4,91,81,89,8,269
1365,False,1,87,81,91,3,264
370,True,1,74,83,72,6,236
1170,True,1,75,72,72,4,223
892,False,3,80,97,88,6,272
1492,True,4,68,63,68,7,207
1017,True,4,59,62,65,10,197
87,False,1,69,64,73,7,215
832,False,1,72,76,80,10,238
18,False,1,68,72,68,9,217
279,True,2,64,74,67,10,217
733,False,2,85,78,79,6,249
1433,False,1,79,86,96,2,264
52,False,3,84,76,86,8,258
1368,False,3,87,85,76,0,247
1043,False,3,72,80,83,1,240
1526,False,2,74,80,70,9,235
1262,False,1,78,72,78,10,238
1281,True,2,73,81,73,9,237
984,True,2,79,84,71,10,246
300,True,2,54,68,63,7,190
1228,True,2,77,69,63,10,219
868,True,3,84,85,79,10,260
371,False,3,86,97,100,3,288
732,True,2,92,96,95,8,292
1012,False,4,74,74,68,3,220
555,True,3,66,71,70,4,212
1408,False,4,77,61,73,10,222
909,False,1,67,64,75,0,206
971,False,1,77,81,76,0,236
537,True,2,85,92,88,0,267
619,True,3,49,59,48,0,155
447,True,2,87,83,82,9,263
1120,True,2,79,90,77,10,258
202,False,1,68,70,65,0,203
1305,False,3,73,82,66,4,225
100,False,3,66,66,73,0,204
1075,False,4,74,73,66,5,218
629,False,3,79,83,80,5,248
947,True,1,80,81,75,5,241
906,False,1,76,77,70,4,227
1393,False,3,80,75,79,5,240
1179,False,1,74,67,67,8,216
998,True,3,77,73,89,2,242
406,True,3,86,79,73,7,245
597,False,1,80,71,76,7,235
388,False,4,91,91,83,5,271
260,False,4,77,75,86,8,248
1050,False,1,49,66,56,10,180
1339,False,1,76,87,80,3,248
219,True,1,74,78,62,6,223
292,True,1,62,70,63,1,197
1369,False,2,60,71,67,2,200
948,False,3,70,76,59,0,206
562,False,1,51,57,65,5,179
900,False,2,68,75,77,5,228
780,True,2,58,74,61,10,205
1151,True,4,72,78,74,7,232
577,True,2,74,77,81,1,233
184,False,1,64,64,63,3,195
1246,True,1,72,74,71,8,226
760,False,3,73,79,87,2,242
1395,False,3,77,77,73,7,235
1499,False,4,83,83,90,7,267
460,True,4,57,72,59,6,194
61,True,2,83,89,85,10,269
992,False,4,58,68,69,5,202
1207,True,1,68,85,78,7,238
1162,False,4,73,65,73,8,221
817,True,4,77,68,73,6,224
1208,True,2,71,71,81,4,227
1212,False,1,69,73,63,10,215
424,True,1,70,69,71,9,220
449,False,1,62,82,76,2,222
1127,False,3,71,69,67,10,217
1304,True,2,62,63,65,9,199
1497,True,4,68,72,66,8,215
472,False,2,66,66,72,3,208
1161,False,2,66,72,76,6,223
508,False,2,85,81,83,1,252
1048,False,4,71,86,72,2,232
1189,False,1,87,79,93,3,263
708,True,2,51,68,58,3,180
678,False,2,61,60,80,4,205
795,True,3,87,80,88,8,264
1229,True,1,78,63,64,1,208
1441,True,4,68,88,86,2,245
1209,False,2,80,94,93,4,273
895,False,1,83,77,86,10,256
311,False,2,60,65,60,0,186
1310,False,3,69,88,75,8,240
139,False,3,63,68,66,9,207
1349,True,2,71,84,74,1,230
446,True,1,60,72,64,10,207
265,False,3,85,81,89,6,262
363,True,3,59,76,74,2,212
1197,True,2,53,58,64,10,185
258,True,3,88,80,77,6,254
1459,False,2,54,74,66,4,198
1515,True,3,88,90,90,9,279
630,False,3,83,81,87,8,260
514,True,3,81,89,89,9,270
736,False,3,72,66,68,7,215
798,False,2,59,71,62,10,204
1493,False,2,65,64,68,1,201
234,True,1,72,62,70,7,211
1383,False,3,75,64,74,5,218
487,False,4,73,77,85,9,246
445,False,2,48,62,61,4,176
1485,False,4,67,72,77,4,221
1242,True,1,92,91,83,7,274
863,False,3,58,73,61,9,201
1174,False,1,71,75,71,9,226
550,False,3,72,71,71,10,225
965,False,3,97,87,88,7,282
914,False,2,45,54,66,6,172
191,True,3,75,83,85,8,252
857,False,3,54,62,62,2,179
1066,True,3,76,90,85,10,263
962,False,3,70,75,80,4,229
1328,False,1,83,88,95,5,272
271,False,2,88,77,79,5,250
356,False,3,73,64,74,7,218
574,False,2,66,71,82,4,225
1236,False,3,85,87,81,4,257
894,True,2,56,67,69,2,195
224,False,2,74,82,65,4,226
1320,False,3,87,96,94,7,286
706,True,4,88,88,81,10,270
1489,False,3,79,80,79,2,242
125,True,1,60,66,67,8,202
873,False,3,76,82,77,4,240
1327,True,4,64,69,68,1,200
1363,False,1,79,77,80,10,248
1038,True,3,71,72,69,6,220
1036,False,1,85,82,70,4,240
41,False,4,71,80,83,2,236
320,False,4,90,90,96,10,288
608,True,1,67,65,70,1,205
319,False,3,64,68,72,7,212
644,False,2,85,92,81,1,258
385,True,1,65,72,77,0,216
1013,True,2,79,68,82,6,236
753,True,1,88,92,97,9,288
726,True,2,84,78,84,10,257
592,False,3,67,73,74,0,217
91,False,4,82,86,87,7,263
973,False,3,71,82,89,1,244
627,True,1,80,94,97,2,275
1092,True,1,80,70,73,7,231
26,True,1,47,57,60,8,173
1325,True,2,66,77,63,6,213
35,True,2,75,72,70,3,220
1195,False,1,86,81,90,8,268
653,True,3,90,94,98,9,291
539,False,1,74,74,77,6,231
246,False,4,64,63,65,9,200
913,False,2,82,77,63,10,233
772,False,2,60,71,65,5,202
827,True,1,83,91,80,8,262
675,True,2,83,84,77,9,255
36,True,1,58,66,62,9,195
1213,True,4,59,68,63,8,199
299,False,1,83,84,91,3,263
183,False,3,66,71,66,5,211
1285,False,3,79,66,69,7,221
934,False,3,81,78,76,7,243
1065,False,1,68,66,79,6,218
858,True,3,74,65,76,3,219
332,False,4,63,80,84,0,230
1055,False,4,68,69,72,2,213
382,False,2,69,67,86,4,227
282,False,4,62,72,72,0,206
981,True,3,67,70,70,5,213
925,True,3,62,71,70,9,212
8,False,1,73,89,82,1,244
1374,False,2,56,52,52,0,159
189,False,2,87,76,84,0,248
1547,False,1,52,69,65,6,191
284,False,1,75,72,76,8,232
1302,False,1,87,85,83,0,259
1399,True,2,82,77,73,10,244
1509,False,3,92,85,85,3,266
1071,False,3,75,76,79,2,232
927,True,1,84,88,86,10,269
717,True,1,71,84,81,2,239
918,True,1,61,65,65,2,192
1562,False,1,57,58,52,7,174
1253,False,3,73,75,74,10,232
673,False,3,67,81,80,4,233
1158,True,2,74,63,64,4,206
1413,False,2,79,80,88,5,254
1573,False,1,72,72,63,4,211
272,True,1,63,66,63,3,194
427,False,1,97,88,88,2,277
462,True,2,78,67,73,1,220
1172,False,2,83,73,77,2,235
75,True,2,60,67,61,5,192
24,False,4,72,83,74,1,232
723,False,3,78,84,81,6,252
257,True,3,80,89,84,0,253
1245,True,2,62,63,72,7,207
641,False,2,51,60,63,3,178
256,True,4,82,92,83,6,265
1316,True,3,65,68,70,7,210
783,True,4,69,76,83,0,230
1402,True,3,75,85,68,1,230
935,True,3,81,81,85,9,257
178,True,4,59,69,63,1,192
1042,True,3,68,75,72,3,219
805,False,4,81,82,87,2,253
259,True,1,78,92,87,8,266
598,False,2,91,90,89,10,282
1001,False,2,76,83,87,5,254
1548,False,4,84,78,81,5,250
1280,False,2,65,78,65,7,215
1467,False,2,63,76,68,6,213
1206,False,1,78,83,78,5,244
54,True,3,76,73,68,10,228
1556,True,1,75,71,71,2,218
1181,False,4,72,74,65,8,221
306,False,2,84,93,79,10,269
1132,True,1,92,95,91,2,281
1377,False,4,80,85,88,7,261
727,False,2,73,83,80,10,248
1025,True,3,90,72,81,0,244
1561,False,1,86,86,77,3,252
206,False,1,78,90,78,4,253
1051,False,2,74,76,81,0,231
1456,False,1,72,77,81,4,235
1351,True,1,78,94,81,0,251
1472,False,2,90,86,90,10,274
676,True,2,89,92,91,10,284
679,False,2,80,88,87,1,257
504,True,2,72,82,75,2,231
1198,True,2,64,70,61,4,199
360,False,2,82,78,85,7,252
671,False,2,67,75,72,9,225
1147,True,3,68,89,78,0,235
255,False,2,72,76,81,4,234
633,True,3,66,64,68,4,202
714,True,3,63,71,80,7,220
544,False,2,69,63,79,5,218
553,True,1,82,84,84,2,254
438,False,2,64,69,72,1,206
212,False,2,84,81,80,10,257
97,False,4,76,76,81,6,241
680,False,4,49,68,60,8,185
977,False,1,73,80,76,0,231
1254,True,2,65,76,70,8,219
685,True,1,65,73,57,4,201
716,False,3,100,86,97,8,293
1060,False,3,73,77,84,7,242
1476,True,1,98,94,85,5,282
638,True,2,69,81,66,8,226
1125,True,1,71,70,74,4,221
881,False,2,55,55,63,4,175
1026,True,3,75,75,80,3,236
402,True,1,65,62,59,6,192
421,False,2,71,81,82,9,247
1527,True,1,58,63,60,1,182
1260,False,2,86,86,89,0,264
1525,True,4,65,67,76,8,219
374,False,1,79,79,71,3,234
194,True,2,81,66,86,1,233
85,True,3,80,84,79,3,248
711,True,2,78,81,77,2,239
315,True,3,72,71,68,8,221
1278,False,1,85,82,79,2,250
243,False,2,86,72,82,1,243
931,False,2,80,95,94,9,279
856,False,4,57,61,55,0,174
917,False,3,60,57,57,3,178
847,True,3,81,88,79,1,251
878,False,3,79,87,76,6,250
776,False,4,37,42,53,10,143
982,True,2,50,57,53,0,161
1129,True,3,86,86,97,2,273
850,True,3,63,69,71,4,208
1238,False,3,63,65,71,4,205
1344,True,2,68,72,59,2,203
1222,False,3,73,68,80,10,232
1040,False,2,71,74,74,4,223
632,True,1,86,99,100,2,288
13,True,4,89,89,84,6,270
1247,False,3,75,65,70,6,217
1502,False,3,80,83,64,5,233
506,True,3,77,70,82,3,234
46,True,1,76,89,71,1,239
1277,False,2,65,64,72,8,209
1355,True,3,51,53,62,8,175
1315,False,4,85,79,85,3,254
1528,True,2,74,76,66,3,220
528,True,2,64,68,67,10,212
1553,False,2,79,80,76,10,247
688,True,3,54,69,59,8,192
409,False,4,85,89,84,5,266
236,False,1,77,79,92,4,254
1134,False,3,82,77,84,5,247
1543,False,3,90,96,96,6,290
3,False,1,78,81,74,3,237
430,True,4,66,70,61,2,199
309,False,4,99,90,88,10,288
1420,False,2,83,86,83,2,253
223,False,1,90,89,85,0,266
915,False,3,83,94,90,3,270
1301,True,4,93,88,80,9,272
193,False,2,79,75,76,2,234
668,True,3,65,80,76,2,224
89,True,1,68,65,71,3,209
1028,True,3,91,92,87,9,281
1010,True,1,65,74,72,6,218
109,True,3,82,82,83,0,247
793,False,3,83,81,65,10,240
1248,True,3,80,85,82,9,259
1137,True,4,84,79,80,1,244
880,True,4,54,49,78,5,186
20,False,1,65,62,65,9,203
1333,False,2,98,91,89,1,282
1558,False,1,75,81,79,1,239
254,True,1,80,71,77,4,233
585,True,2,61,63,76,10,210
1536,False,3,97,91,92,2,286
415,False,1,84,89,86,5,265
549,True,1,93,97,89,2,283
368,False,3,55,42,45,8,147
80,False,3,70,58,59,8,196
1057,False,2,71,73,81,6,233
1005,False,3,70,71,79,10,231
340,True,3,85,83,72,7,248
232,True,2,73,77,70,7,230
318,False,2,44,51,46,7,148
989,False,2,69,74,76,10,232
771,True,4,81,82,80,0,244
226,False,3,44,52,57,9,164
366,True,2,68,71,84,5,230
1300,True,2,75,79,89,10,255
690,False,2,72,78,84,1,238
584,True,1,85,76,80,7,248
283,False,2,72,84,78,3,238
1309,False,1,91,98,90,2,283
1269,False,3,75,68,65,2,211
208,False,1,70,76,71,4,221
1465,True,2,59,69,67,3,197
593,False,4,71,87,80,7,245
375,False,3,59,59,62,7,186
590,False,3,62,64,72,2,200
133,False,4,78,80,72,8,240
362,False,1,61,66,74,5,207
1191,True,4,80,79,78,2,242
650,True,3,73,82,88,9,253
118,False,2,61,74,70,3,210
870,True,3,72,76,78,4,229
669,True,2,57,71,65,5,198
58,False,3,99,100,100,7,308
1201,False,1,45,51,53,10,159
1311,True,3,74,74,73,5,227
233,False,2,62,59,73,9,203
889,True,3,72,81,80,3,238
1193,True,2,97,88,83,4,276
1225,False,3,64,63,61,1,189
837,True,2,71,76,70,7,224
901,False,4,67,80,72,0,219
164,False,2,55,68,70,8,201
1389,False,3,69,62,62,1,194
1053,False,3,55,71,66,8,202
1268,False,2,83,100,90,4,279
1572,True,1,62,70,67,2,203
464,True,2,74,74,71,1,220
953,False,3,79,92,86,6,265
828,True,4,63,65,65,0,193
749,True,4,64,64,82,10,219
972,False,4,83,84,84,6,258
658,True,3,91,87,91,4,275
182,True,4,96,100,100,4,303
1442,False,2,73,67,73,7,221
1128,True,3,73,77,80,5,237
1239,False,4,55,63,68,6,194
124,False,2,63,54,74,0,193
1419,True,4,62,64,71,3,199
1447,False,3,74,75,85,0,235
1119,True,3,84,85,79,4,253
1390,False,2,65,73,68,5,212
393,True,2,75,77,80,5,238
16,False,1,74,79,77,7,238
429,True,1,82,77,80,9,249
1495,False,4,50,61,47,10,167
442,True,2,97,93,93,3,288
1115,True,3,82,83,84,9,260
1409,False,3,85,85,94,3,269
198,True,1,69,61,64,10,205
990,True,3,86,81,89,4,261
99,True,3,70,78,75,6,229
1563,True,1,63,71,72,3,210
831,False,1,81,75,86,3,245
1522,False,2,75,83,73,4,238
1512,True,2,80,77,70,6,236
911,False,3,81,99,86,0,267
59,True,2,67,85,78,6,237
218,True,2,71,88,79,9,247
1122,True,1,84,82,69,6,241
377,True,1,58,75,70,3,206
1538,False,2,60,63,61,10,194
186,True,4,70,65,70,1,207
949,False,4,87,87,85,2,262
378,True,1,82,82,86,9,260
38,False,3,79,75,73,4,233
372,True,3,77,86,87,5,256
352,True,1,64,75,65,0,205
942,True,2,91,81,84,6,264
205,False,4,63,65,60,0,189
843,True,2,69,73,78,9,232
707,True,3,67,59,61,10,197
1487,False,2,68,68,71,1,209
842,True,2,71,73,68,7,221
791,True,2,86,78,90,2,257
1159,False,3,77,80,73,9,240
877,False,3,65,74,71,4,216
1085,False,2,63,64,61,3,191
23,True,1,61,64,60,8,193
158,True,4,71,72,78,3,224
1376,True,2,75,83,81,9,249
337,True,4,93,96,94,2,287
1231,False,3,69,70,76,8,226
611,True,2,68,63,60,7,199
152,True,4,75,68,69,6,220
1070,False,4,69,81,73,9,234
227,True,4,71,76,79,4,232
1372,True,3,73,82,74,7,238
1414,False,1,74,61,68,6,210
983,False,2,89,91,83,1,264
348,False,1,57,63,67,5,192
241,False,2,85,94,91,8,278
985,False,1,74,76,75,2,228
1427,False,2,77,90,86,4,258
1435,True,2,78,82,76,1,238
247,True,2,80,87,73,0,241
1186,True,2,84,80,83,10,260
1282,False,2,66,83,80,5,234
1299,False,3,59,60,54,5,178
1173,True,2,74,70,78,10,233
1533,True,3,91,89,78,9,270
564,False,2,41,41,43,5,130
692,False,1,83,77,83,3,247
1034,False,2,85,84,90,4,263
501,False,2,69,79,83,7,237
875,True,2,72,71,75,1,221
1139,False,2,66,78,69,5,220
431,True,1,69,67,89,3,232
851,False,4,83,84,78,7,253
235,False,3,68,68,68,4,208
1160,False,3,65,69,76,10,220
1425,False,4,62,60,57,1,179
790,True,1,55,61,56,9,181
1279,False,1,71,64,78,3,217
452,True,2,77,84,85,3,250
606,True,1,73,71,72,10,227
623,False,3,80,76,73,6,235
27,True,2,76,74,69,5,224
53,False,3,67,62,67,9,205
756,True,4,69,79,63,10,220
852,False,1,80,83,78,3,247
1428,False,4,65,77,68,8,219
249,False,2,60,75,63,3,201
1360,False,1,76,74,81,9,242
1007,False,3,58,57,54,2,173
448,False,2,89,77,85,2,255
90,False,1,63,80,69,8,220
545,False,4,79,76,70,3,229
399,True,4,61,62,60,7,190
751,False,3,72,88,76,5,242
108,False,3,95,96,84,7,282
1520,False,3,70,64,73,0,207
1131,True,3,82,77,84,6,251
796,False,1,59,73,75,2,209
604,False,4,66,72,67,3,208
1440,True,1,45,53,50,1,149
389,True,3,79,85,84,0,250
1150,False,4,57,77,73,8,216
203,False,2,74,84,73,10,242
1218,False,2,78,89,94,1,265
1571,True,1,73,69,76,0,220
436,False,4,71,70,66,2,209
1314,False,3,59,63,74,9,204
1432,True,2,82,72,74,3,230
1249,True,4,89,78,90,3,260
660,True,2,71,76,78,2,227
840,True,2,81,78,74,8,245
661,True,2,84,96,83,3,268
1019,False,3,79,83,87,4,254
1348,True,2,93,91,97,9,292
1130,True,1,62,65,72,6,205
794,True,1,79,92,78,3,253
1104,True,4,73,74,76,2,224
422,False,3,60,64,58,6,187
1243,True,3,69,67,73,0,210
510,False,3,79,79,74,2,236
746,True,4,71,78,75,9,234
381,True,2,87,100,90,1,279
312,False,1,60,70,69,0,201
777,False,2,60,69,58,5,191
930,False,2,70,69,65,10,215
752,True,2,75,67,70,1,212
921,True,1,90,82,87,6,265
1443,False,3,84,90,98,10,284
1088,False,2,76,72,73,6,226
2,False,3,65,74,72,9,222
960,False,2,65,63,76,0,204
663,False,2,69,63,65,9,206
1114,True,1,81,79,72,10,243
146,False,3,91,95,92,6,286
316,True,1,63,64,59,10,196
1004,True,4,75,82,80,5,244
1112,False,4,70,72,64,7,213
897,False,3,94,87,80,1,264
994,False,3,69,73,78,7,228
610,False,2,93,80,89,0,264
1445,True,4,71,65,76,5,218
1452,True,3,86,90,84,6,267
392,True,1,71,62,58,9,200
242,True,3,81,79,77,2,241
899,True,3,52,76,71,5,205
1307,False,2,62,81,82,5,234
1144,True,3,78,82,82,3,246
1501,False,2,88,76,89,3,258
1230,False,2,69,74,74,0,215
477,False,1,67,65,60,6,200
239,True,2,63,72,68,3,209
1099,True,4,48,55,52,8,162
351,False,1,75,73,70,2,221
729,True,4,68,72,71,4,215
1155,True,4,53,57,62,8,181
1590,True,3,68,73,70,9,221
694,False,3,77,86,84,10,257
519,True,3,62,79,71,2,215
1453,False,2,51,67,46,7,171
581,True,4,78,88,79,10,255
1600,False,1,71,73,79,1,224
1313,True,3,94,86,88,3,271
1220,True,1,67,74,78,10,230
177,False,3,81,74,83,2,240
1187,True,1,72,71,76,4,223
1283,False,4,51,61,65,6,181
548,True,3,73,82,75,7,238
811,False,4,79,67,75,8,228
1545,False,3,62,69,64,0,196
110,False,4,48,59,63,4,176
1367,True,4,70,73,74,6,224
1227,True,1,66,72,73,9,223
665,False,2,53,48,61,0,162
890,False,1,76,80,78,8,244
140,False,1,65,80,72,9,228
552,False,3,50,71,69,1,191
169,False,4,93,98,91,4,287
30,True,3,63,68,52,2,186
612,True,3,84,78,90,7,258
986,False,4,63,75,64,4,208
498,False,2,83,79,84,4,250
96,True,2,71,68,79,7,225
1370,True,1,71,73,80,4,229
1126,True,3,55,52,59,4,171
1537,True,4,73,90,87,2,253
346,False,2,63,63,58,3,186
662,False,1,85,74,82,2,245
640,False,2,75,78,71,0,224
797,True,3,69,81,83,7,239
1457,True,3,85,71,81,9,246
94,False,4,50,63,62,8,182
1068,False,1,100,100,100,4,304
70,False,3,84,71,73,7,238
1601,False,1,77,72,89,6,245
1416,False,3,64,65,88,8,225
250,False,1,64,59,63,9,194
1576,True,1,66,65,73,0,205
1336,True,4,77,86,81,4,248
789,False,2,64,67,61,3,196
395,False,3,66,67,73,3,209
32,True,1,82,72,78,1,233
210,False,2,96,97,87,0,282
782,True,3,73,83,76,5,238
145,True,2,58,67,57,9,191
172,False,2,84,81,81,9,257
963,True,1,71,78,76,4,230
1113,True,4,93,77,84,2,258
1591,False,4,65,70,66,2,205
134,False,1,74,78,70,0,223
68,False,3,83,82,81,9,256
383,False,3,69,69,61,2,202
677,False,1,71,63,68,3,207
323,True,4,88,94,80,10,273
1535,False,1,70,74,65,3,211
639,False,1,99,100,100,5,307
1574,False,1,92,79,80,6,259
411,False,3,84,88,91,1,265
1011,True,3,84,86,96,9,277
599,False,1,74,76,79,6,234
228,False,3,84,78,85,9,257
135,True,2,99,86,94,4,285
898,True,4,71,78,72,0,221
1364,True,1,96,85,96,5,284
1488,True,3,53,62,53,3,170
568,True,4,68,63,75,2,210
296,True,3,88,83,80,2,253
556,True,3,72,71,71,10,225
240,True,2,65,73,68,5,213
1288,False,3,58,47,55,1,161
238,False,1,71,68,70,6,215
336,False,2,78,72,70,4,226
63,False,2,73,70,68,4,216
1286,True,3,76,72,77,7,233
1323,True,4,70,80,85,10,248
933,True,2,89,73,81,8,253
5,False,3,72,83,80,10,248
57,True,2,82,85,88,3,260
1451,False,4,71,76,74,5,227
571,True,3,71,58,71,6,206
69,False,2,71,71,74,6,225
65,True,2,70,68,77,5,222
846,True,3,52,60,50,10,172
347,False,2,71,71,79,3,224
1090,False,2,56,52,56,0,166
294,False,3,55,70,64,8,196
155,False,3,64,70,71,1,205
1486,True,1,73,85,80,2,240
1450,False,3,59,60,66,9,195
355,True,3,67,71,68,9,215
1386,False,3,58,72,67,2,200
1490,False,3,66,74,67,8,216
1592,False,4,69,67,69,5,211
775,True,1,60,59,62,5,188
1341,True,4,57,68,63,7,196
1438,False,1,71,75,86,6,241
1550,False,3,67,77,76,1,222
809,True,1,91,97,87,9,286
896,True,4,67,74,75,10,227
1149,True,4,75,84,81,2,242
1421,False,2,78,88,94,0,261
563,True,2,70,72,73,1,216
766,True,2,98,84,88,3,276
1123,False,3,65,84,73,10,234
532,False,3,97,91,83,2,275
1223,False,3,81,74,75,8,239
302,True,1,60,81,78,1,221
978,False,2,63,62,72,6,202
1008,True,3,55,46,64,7,173
1503,False,4,81,81,84,8,255
961,False,2,66,71,71,10,218
463,False,2,97,89,97,6,291
1423,True,4,73,63,60,3,199
1072,True,2,80,79,68,10,238
420,False,4,82,83,78,2,245
622,True,1,84,77,73,10,244
1343,True,4,79,87,82,2,250
1429,False,2,88,93,89,3,274
631,False,1,64,69,59,8,203
905,True,4,72,65,69,8,216
128,False,2,66,69,71,7,212
573,True,3,69,81,80,10,243
987,False,3,68,79,76,5,228
1514,True,3,69,75,80,5,230
635,False,2,87,100,95,5,290
1449,True,3,71,71,71,4,217
1073,True,2,100,100,98,0,299
891,True,1,50,63,53,7,174
1303,False,4,48,69,62,1,182
1391,False,4,60,69,68,7,207
936,True,2,85,83,82,3,254
497,False,2,81,81,77,9,250
1105,False,2,62,70,65,5,202
278,False,3,68,75,85,3,231
1352,False,3,76,82,75,7,242
536,False,2,71,63,83,0,219
1517,True,3,76,65,68,3,212
957,False,2,49,66,66,3,184
1434,False,1,69,79,71,9,230
1496,False,4,87,89,85,7,269
731,False,4,78,75,79,4,237
64,True,3,88,89,95,1,275
417,False,2,73,71,71,5,222
490,False,3,63,58,62,4,186
1079,False,1,82,81,77,3,244
47,False,3,53,51,55,3,163
1284,False,2,51,63,63,4,181
908,True,4,63,66,57,8,192
123,False,3,76,73,71,5,225
209,True,1,73,79,75,4,233
1266,True,2,87,86,87,5,267
359,False,1,80,81,81,5,249
364,True,3,77,86,88,0,254
1074,True,1,75,71,68,2,219
1357,False,2,72,71,68,7,218
39,True,2,59,70,65,5,200
1521,False,1,74,83,64,1,222
1491,False,2,96,90,89,8,284
970,False,2,73,63,73,2,213
469,True,2,82,80,80,0,245
45,True,4,78,77,72,0,229
150,False,2,76,72,75,9,233
522,True,3,59,73,62,0,194
1480,False,4,49,46,47,3,145
252,False,3,73,62,69,9,214
117,True,2,84,83,87,1,257
1356,True,4,70,77,79,9,236
1557,False,3,83,87,82,3,256
115,True,1,60,66,60,6,192
37,True,3,64,75,59,3,201
1483,True,1,82,91,90,0,265
848,False,3,75,78,88,2,244
923,False,3,90,97,86,6,279
1067,False,1,77,79,82,5,245
1203,False,2,83,97,94,5,279
744,False,1,65,70,68,8,211
912,False,2,71,64,74,10,220
810,False,3,92,75,85,2,255
1321,False,2,73,75,72,3,222
1240,False,2,74,69,78,9,231
79,False,1,73,76,75,0,225
1338,True,3,51,55,52,3,161
649,False,1,60,65,56,4,187
483,True,3,75,87,78,6,247
416,False,4,77,90,85,1,255
43,False,2,69,74,69,3,215
829,True,3,75,74,71,5,227
1471,True,1,52,55,62,9,177
1494,False,2,70,72,75,0,217
1293,False,4,87,93,88,9,279
1454,True,4,62,64,67,10,204
691,False,2,56,57,60,9,183
1312,False,2,81,73,70,4,231
10,False,3,82,78,81,2,244
204,True,2,90,84,90,4,268
950,True,1,66,66,72,2,206
153,True,4,70,69,66,10,216
1257,False,3,70,75,64,6,218
1461,True,3,79,80,86,6,252
1544,True,2,90,89,80,8,270
916,True,2,70,81,70,5,227
999,False,2,72,75,66,5,218
1046,True,4,87,81,91,6,267
1379,False,1,66,77,69,2,215
666,True,4,68,74,62,0,206
15,False,1,53,54,52,7,166
1511,False,2,72,69,74,0,215
1103,False,3,68,66,76,1,211
1330,False,3,84,82,79,10,257
1331,False,4,75,79,78,5,239
1469,True,2,67,71,71,10,221
1523,False,1,84,93,86,4,269
412,False,2,75,85,77,5,242
1241,False,3,75,82,94,0,252
720,False,2,81,71,66,6,226
104,False,4,67,72,81,7,228
844,False,3,81,98,96,3,280
546,False,3,52,53,66,8,179
1617,False,2,63,65,67,5,200
1142,True,2,67,76,73,9,226
740,False,2,71,81,76,2,232
559,False,4,42,51,58,3,154
686,False,3,76,82,77,1,237
922,True,1,52,67,56,8,183
1290,False,2,75,76,77,4,232
1570,True,1,75,81,80,3,240
220,True,1,100,100,100,5,307
143,True,4,87,100,90,1,280
354,True,3,73,65,66,1,205
816,True,3,98,90,100,1,291
1163,False,3,61,67,58,4,191
7,True,1,60,77,64,1,203
997,False,3,69,79,73,1,222
1505,False,3,86,86,94,2,269
1094,True,1,68,74,72,8,222
1059,False,2,84,94,75,7,261
1292,True,4,80,82,88,5,256
285,True,1,41,62,55,0,157
1024,True,3,78,59,64,1,201
864,False,2,58,57,53,2,170
275,True,3,74,79,79,5,237
1583,True,1,70,74,72,5,222
969,False,2,83,91,98,5,279
467,True,2,89,97,94,4,286
333,False,2,65,69,75,2,213
781,False,2,65,70,70,2,206
886,True,1,81,84,89,6,262
1138,True,2,84,85,82,2,254
397,True,2,63,70,63,5,201
105,False,1,98,98,99,5,301
274,False,4,82,84,83,0,252
1405,True,3,67,66,59,10,204
1180,False,1,91,92,96,6,286
493,True,3,93,95,90,5,287
1171,True,3,74,71,84,3,233
328,True,2,81,71,76,5,234
924,False,2,90,86,85,1,263
488,True,3,79,88,85,9,263
821,True,3,86,82,84,0,252
748,True,4,73,90,85,0,249
1582,False,2,80,85,82,3,250
859,False,2,65,53,66,1,184
869,True,2,64,70,73,6,214
1560,False,4,65,71,58,6,201
750,False,4,56,61,72,0,191
703,False,2,74,77,82,2,237
966,True,3,85,92,85,6,269
1565,False,2,81,65,72,5,223
122,False,1,72,75,79,1,228
60,False,4,89,84,85,1,260
176,True,2,66,74,83,3,227
386,True,1,86,98,89,10,284
1255,False,4,71,73,70,1,216
741,True,1,63,77,75,5,221
667,True,3,89,75,84,7,257
245,False,4,66,64,59,9,199
1190,False,2,74,79,77,8,239
570,True,2,70,74,83,2,230
1381,False,4,69,73,77,5,225
380,True,2,77,74,75,5,232
244,True,1,76,62,79,0,217
1412,False,2,69,72,70,9,223
1588,True,2,74,80,85,3,247
943,False,4,82,80,89,3,255
1062,True,2,60,74,78,2,214
1431,False,2,82,89,98,7,279
405,False,3,72,84,77,6,239
937,True,1,58,65,53,2,177
295,True,1,67,78,76,8,231
1406,True,4,90,88,88,8,275
807,True,1,89,91,87,4,272
712,False,2,76,73,73,3,226
1030,True,4,59,63,62,3,187
586,False,1,79,81,70,3,233
980,False,3,78,78,75,5,238
867,False,4,39,50,59,9,155
1077,False,4,80,85,93,8,268
148,True,4,59,66,59,6,191
1182,False,2,73,66,69,1,210
580,False,4,51,45,56,3,154
815,True,3,85,79,94,7,265
330,False,4,65,70,72,10,217
1047,True,1,91,79,96,3,272
1564,False,3,61,71,72,8,213
67,False,1,73,78,78,5,236
1177,True,4,72,67,63,0,202
1541,False,4,85,85,94,0,266
1272,False,2,78,79,78,9,245
1598,True,4,80,75,70,6,233
344,False,4,80,78,80,0,239
1109,True,2,71,81,82,6,241
353,True,1,58,59,54,2,174
1258,False,2,73,76,69,6,224
1359,False,3,78,91,80,5,256
1385,False,4,69,73,68,3,215
530,True,3,79,81,75,8,244
1625,True,1,74,73,72,8,229
298,False,3,54,53,57,8,172
730,False,1,56,66,65,9,197
1267,True,2,78,79,83,10,251
213,True,1,77,85,80,0,242
131,False,2,80,82,75,9,247
591,False,2,75,87,86,0,249
291,False,4,86,82,78,6,254
1507,True,3,70,78,83,5,237
187,True,3,65,75,61,1,202
62,False,1,66,72,77,10,225
471,True,3,46,54,54,4,158
1400,False,1,58,68,68,3,199
1529,True,4,100,98,95,6,302
419,False,3,86,80,96,7,270
1175,False,4,57,65,63,6,190
66,False,2,76,77,78,10,242
725,True,2,69,64,63,1,197
643,True,4,94,86,93,2,277
976,True,3,68,76,64,2,210
1136,False,3,67,80,74,6,225
253,False,2,83,74,67,8,234
701,False,4,60,67,72,5,205
1534,False,2,72,75,82,1,231
1380,False,4,79,79,83,4,248
818,False,3,83,99,84,9,275
473,True,1,84,93,92,5,276
1436,False,4,75,76,75,5,232
543,True,3,76,78,76,0,230
1098,True,4,93,88,100,8,290
1058,False,4,69,73,86,3,231
845,True,4,88,78,84,4,257
230,False,4,62,65,64,0,189
1437,False,1,77,78,79,10,245
1387,True,3,61,63,64,9,197
1298,False,3,54,53,58,0,165
784,False,1,71,71,81,6,231
165,True,1,74,82,75,2,235
34,True,4,62,76,67,8,213
444,False,2,77,82,88,5,254
988,False,4,74,79,71,6,229
188,True,3,71,79,79,4,233
1202,False,2,67,70,70,10,219
944,False,2,100,96,91,0,289
1396,False,4,47,55,51,3,156
940,True,3,74,75,82,1,232
1589,True,4,77,69,81,1,231
696,False,3,66,61,69,3,199
1552,True,1,70,67,72,1,211
523,False,1,61,56,55,4,176
1577,False,3,62,68,60,5,195
991,True,2,63,75,67,9,214
1154,True,2,68,79,78,4,231
773,False,3,75,74,77,5,233
907,True,3,86,90,84,4,263
1422,False,1,76,75,76,5,234
303,False,1,70,65,75,4,214
1178,True,3,77,80,73,3,235
434,False,4,70,81,70,8,232
1052,True,4,76,70,79,3,228
697,True,2,77,73,78,8,237
331,True,4,61,66,68,8,204
470,True,1,75,80,67,0,223
1145,False,3,85,79,88,6,260
345,False,2,77,74,70,1,224
1037,False,3,65,76,68,7,217
834,False,2,73,80,86,2,243
264,False,3,76,72,77,8,233
44,False,4,55,65,64,8,194
459,False,3,60,59,64,4,187
1631,False,3,85,78,90,5,259
1632,False,1,68,69,70,2,210
1633,False,1,75,73,78,0,227
1634,False,1,67,78,71,5,222
1635,True,2,85,79,76,8,248
